{
  "collectionName": "components_education_educations",
  "info": {
    "displayName": "Education",
    "icon": "book",
    "description": ""
  },
  "options": {},
  "attributes": {
    "universityName": {
      "type": "string"
    },
    "degree": {
      "type": "string"
    },
    "major": {
      "type": "string"
    },
    "startDate": {
      "type": "string"
    },
    "endDate": {
      "type": "string"
    },
    "description": {
      "type": "text"
    },
    "grade": {
      "type": "string"
    },
    "gradeType": {
      "type": "string"
    }
  }
}
